{
    "mean": [
        0.6686634421348572,
        0.6526866555213928,
        0.6175380349159241
    ],
    "std": [
        0.32331475615501404,
        0.30185773968696594,
        0.3023132383823395
    ]
}